{
  "config": {
    "batch_size": 64,
    "class_weight": "balanced",
    "ctx_chars": 128,
    "epochs": 1,
    "lr": 2e-05,
    "max_gap": 20,
    "max_length": 128
  },
  "dev_history": [
    {
      "dev_macro_f1": 0.5791548594107004,
      "dev_negation_of_f1": 0.5195876288659794,
      "duration_s": 2778.0,
      "epoch": 1,
      "train_loss": 0.6520050939465925
    }
  ],
  "device": "cuda",
  "model": "pucpr/biobertpt-all",
  "n_candidates": {
    "dev": 15994,
    "test": 16074,
    "train": 128380
  },
  "seed": 42,
  "sklearn_report": {
    "accuracy": 0.8207664551449546,
    "associated_with": {
      "f1-score": 0.36185935637663885,
      "precision": 0.23491179201485607,
      "recall": 0.7873443983402489,
      "support": 964.0
    },
    "macro avg": {
      "f1-score": 0.602503647289132,
      "precision": 0.5374613811835361,
      "recall": 0.841077253996913,
      "support": 16074.0
    },
    "negation_of": {
      "f1-score": 0.549800796812749,
      "precision": 0.39316239316239315,
      "recall": 0.9139072847682119,
      "support": 151.0
    },
    "no_relation": {
      "f1-score": 0.895850788678008,
      "precision": 0.984309958373359,
      "recall": 0.8219800788822782,
      "support": 14959.0
    },
    "weighted avg": {
      "f1-score": 0.8605751081062665,
      "precision": 0.9338133106990743,
      "recall": 0.8207664551449546,
      "support": 16074.0
    }
  },
  "test_f1_per_class": {
    "associated_with": 0.36185935637663885,
    "negation_of": 0.549800796812749,
    "no_relation": 0.895850788678008
  },
  "test_macro_f1": 0.602503647289132,
  "test_micro_f1": 0.8207664551449546
}